chip_path,mse_score,is_anomaly
data\processed\test_chips\Apollo 11 landing site_chip_0000.tif,0.012617530301213264,False
data\processed\test_chips\Apollo 11 landing site_chip_0001.tif,0.01595621183514595,False
data\processed\test_chips\Apollo 11 landing site_chip_0002.tif,0.01508940476924181,False
data\processed\test_chips\Apollo 11 landing site_chip_0003.tif,0.016262361779808998,False
data\processed\test_chips\Apollo 11 landing site_chip_0004.tif,0.01868811808526516,False
data\processed\test_chips\Apollo 11 landing site_chip_0005.tif,0.014516756869852543,False
data\processed\test_chips\Apollo 11 landing site_chip_0006.tif,0.00657398859038949,False
data\processed\test_chips\Apollo 11 landing site_chip_0007.tif,0.012159277684986591,False
data\processed\test_chips\Apollo 11 landing site_chip_0008.tif,0.009292080998420715,False
data\processed\test_chips\Apollo 11 landing site_chip_0009.tif,0.01140214316546917,False
data\processed\test_chips\Apollo 11 landing site_chip_0010.tif,0.014326861128211021,False
data\processed\test_chips\Apollo 11 landing site_chip_0011.tif,0.017670631408691406,False
data\processed\test_chips\Apollo 11 landing site_chip_0012.tif,0.014199789613485336,False
data\processed\test_chips\Apollo 11 landing site_chip_0013.tif,0.014491606503725052,False
data\processed\test_chips\Apollo 11 landing site_chip_0014.tif,0.010774584487080574,False
data\processed\test_chips\Apollo 11 landing site_chip_0015.tif,0.014664646238088608,False
data\processed\test_chips\Apollo 11 landing site_chip_0016.tif,0.010279255919158459,False
data\processed\test_chips\Apollo 11 landing site_chip_0017.tif,0.013563315384089947,False
data\processed\test_chips\Apollo 11 landing site_chip_0018.tif,0.017905395478010178,False
data\processed\test_chips\Apollo 11 landing site_chip_0019.tif,0.01060867216438055,False
data\processed\test_chips\Apollo 11 landing site_chip_0020.tif,0.013802621513605118,False
data\processed\test_chips\Apollo 11 landing site_chip_0021.tif,0.008759371936321259,False
data\processed\test_chips\Apollo 11 landing site_chip_0022.tif,0.009075337089598179,False
data\processed\test_chips\Apollo 11 landing site_chip_0023.tif,0.012588879093527794,False
data\processed\test_chips\Apollo 11 landing site_chip_0024.tif,0.009322305209934711,False
data\processed\test_chips\Apollo 11 landing site_chip_0025.tif,0.013702262192964554,False
data\processed\test_chips\Apollo 11 landing site_chip_0026.tif,0.004907264839857817,False
data\processed\test_chips\Apollo 11 landing site_chip_0027.tif,0.015111359767615795,False
data\processed\test_chips\Apollo 11 landing site_chip_0028.tif,0.011287317611277103,False
data\processed\test_chips\Apollo 11 landing site_chip_0029.tif,0.010921349748969078,False
data\processed\test_chips\Apollo 11 landing site_chip_0030.tif,0.01241457648575306,False
data\processed\test_chips\Apollo 11 landing site_chip_0031.tif,0.017871199175715446,False
data\processed\test_chips\Apollo 11 landing site_chip_0032.tif,0.007975627668201923,False
data\processed\test_chips\Apollo 11 landing site_chip_0033.tif,0.006637827958911657,False
data\processed\test_chips\Apollo 11 landing site_chip_0034.tif,0.009766673669219017,False
data\processed\test_chips\Apollo 11 landing site_chip_0035.tif,0.009699958376586437,False
data\processed\test_chips\Apollo 11 landing site_chip_0036.tif,0.015093272551894188,False
data\processed\test_chips\Apollo 11 landing site_chip_0037.tif,0.011034415103495121,False
data\processed\test_chips\Apollo 11 landing site_chip_0038.tif,0.00898337084800005,False
data\processed\test_chips\Apollo 11 landing site_chip_0039.tif,0.008120570331811905,False
data\processed\test_chips\Apollo 11 landing site_chip_0040.tif,0.010085448622703552,False
data\processed\test_chips\Apollo 11 landing site_chip_0041.tif,0.011952620930969715,False
data\processed\test_chips\Apollo 11 landing site_chip_0042.tif,0.01638655923306942,False
data\processed\test_chips\Apollo 11 landing site_chip_0043.tif,0.016393650323152542,False
data\processed\test_chips\Apollo 11 landing site_chip_0044.tif,0.011031591333448887,False
data\processed\test_chips\Apollo 11 landing site_chip_0045.tif,0.01907232776284218,False
data\processed\test_chips\Apollo 11 landing site_chip_0046.tif,0.016063708811998367,False
data\processed\test_chips\Apollo 11 landing site_chip_0047.tif,0.020961372181773186,True
data\processed\test_chips\Apollo 11 landing site_chip_0048.tif,0.007771752774715424,False
data\processed\test_chips\Apollo 11 landing site_chip_0049.tif,0.011785922572016716,False
data\processed\test_chips\Apollo 11 landing site_chip_0050.tif,0.0089497622102499,False
data\processed\test_chips\Apollo 11 landing site_chip_0051.tif,0.009030419401824474,False
data\processed\test_chips\Apollo 11 landing site_chip_0052.tif,0.006695043295621872,False
data\processed\test_chips\Apollo 11 landing site_chip_0053.tif,0.008920571766793728,False
data\processed\test_chips\Apollo 11 landing site_chip_0054.tif,0.013277867808938026,False
data\processed\test_chips\Apollo 11 landing site_chip_0055.tif,0.005349297076463699,False
data\processed\test_chips\Apollo 11 landing site_chip_0056.tif,0.011637851595878601,False
data\processed\test_chips\Apollo 11 landing site_chip_0057.tif,0.00816669873893261,False
data\processed\test_chips\Apollo 11 landing site_chip_0058.tif,0.00739214988425374,False
data\processed\test_chips\Apollo 11 landing site_chip_0059.tif,0.007069788873195648,False
data\processed\test_chips\Apollo 11 landing site_chip_0060.tif,0.013593964278697968,False
data\processed\test_chips\Apollo 11 landing site_chip_0061.tif,0.016976216807961464,False
data\processed\test_chips\Apollo 11 landing site_chip_0062.tif,0.01799573376774788,False
data\processed\test_chips\Apollo 11 landing site_chip_0063.tif,0.007544355932623148,False
data\processed\test_chips\Apollo 11 landing site_chip_0064.tif,0.0134060587733984,False
data\processed\test_chips\Apollo 11 landing site_chip_0065.tif,0.010021540336310863,False
data\processed\test_chips\Apollo 11 landing site_chip_0066.tif,0.009428661316633224,False
data\processed\test_chips\Apollo 11 landing site_chip_0067.tif,0.0064230551943182945,False
data\processed\test_chips\Apollo 11 landing site_chip_0068.tif,0.010771784000098705,False
data\processed\test_chips\Apollo 11 landing site_chip_0069.tif,0.013321597129106522,False
data\processed\test_chips\Apollo 11 landing site_chip_0070.tif,0.005243792664259672,False
data\processed\test_chips\Apollo 11 landing site_chip_0071.tif,0.014054221101105213,False
data\processed\test_chips\Apollo 11 landing site_chip_0072.tif,0.00966550037264824,False
data\processed\test_chips\Apollo 11 landing site_chip_0073.tif,0.00747144827619195,False
data\processed\test_chips\Apollo 11 landing site_chip_0074.tif,0.008018579334020615,False
data\processed\test_chips\Apollo 11 landing site_chip_0075.tif,0.011453269049525261,False
data\processed\test_chips\Apollo 11 landing site_chip_0076.tif,0.016598735004663467,False
data\processed\test_chips\Apollo 11 landing site_chip_0077.tif,0.01106208935379982,False
data\processed\test_chips\Apollo 11 landing site_chip_0078.tif,0.008241414092481136,False
data\processed\test_chips\Apollo 11 landing site_chip_0079.tif,0.01901422068476677,False
data\processed\test_chips\Apollo 11 landing site_chip_0080.tif,0.013332484290003777,False
data\processed\test_chips\Apollo 11 landing site_chip_0081.tif,0.006997675634920597,False
data\processed\test_chips\Apollo 11 landing site_chip_0082.tif,0.00749985734000802,False
data\processed\test_chips\Apollo 11 landing site_chip_0083.tif,0.007851935923099518,False
data\processed\test_chips\Apollo 11 landing site_chip_0084.tif,0.009977864101529121,False
data\processed\test_chips\Apollo 11 landing site_chip_0085.tif,0.014594283886253834,False
data\processed\test_chips\Apollo 11 landing site_chip_0086.tif,0.012803138233721256,False
data\processed\test_chips\Apollo 11 landing site_chip_0087.tif,0.01553106028586626,False
data\processed\test_chips\Apollo 11 landing site_chip_0088.tif,0.013914612121880054,False
data\processed\test_chips\Apollo 11 landing site_chip_0089.tif,0.016525976359844208,False
data\processed\test_chips\Apollo 11 landing site_chip_0090.tif,0.009404647164046764,False
data\processed\test_chips\Apollo 11 landing site_chip_0091.tif,0.006475219503045082,False
data\processed\test_chips\Apollo 11 landing site_chip_0092.tif,0.00877385027706623,False
data\processed\test_chips\Apollo 11 landing site_chip_0093.tif,0.00964523945003748,False
data\processed\test_chips\Apollo 11 landing site_chip_0094.tif,0.006577345542609692,False
data\processed\test_chips\Apollo 11 landing site_chip_0095.tif,0.018116464838385582,False
data\processed\test_chips\Apollo 11 landing site_chip_0096.tif,0.014898671768605709,False
data\processed\test_chips\Apollo 11 landing site_chip_0097.tif,0.012484671548008919,False
data\processed\test_chips\Apollo 11 landing site_chip_0098.tif,0.01380694005638361,False
data\processed\test_chips\Apollo 11 landing site_chip_0099.tif,0.00984033290296793,False
data\processed\test_chips\Apollo 11 landing site_chip_0100.tif,0.013960841111838818,False
data\processed\test_chips\Apollo 11 landing site_chip_0101.tif,0.00722083356231451,False
data\processed\test_chips\Apollo 11 landing site_chip_0102.tif,0.011130623519420624,False
data\processed\test_chips\Apollo 11 landing site_chip_0103.tif,0.012828821316361427,False
data\processed\test_chips\Apollo 11 landing site_chip_0104.tif,0.01650409586727619,False
data\processed\test_chips\Apollo 11 landing site_chip_0105.tif,0.013085223734378815,False
data\processed\test_chips\Apollo 11 landing site_chip_0106.tif,0.024751517921686172,True
data\processed\test_chips\Apollo 11 landing site_chip_0107.tif,0.020966561511158943,True
data\processed\test_chips\Apollo 11 landing site_chip_0108.tif,0.017872346565127373,False
data\processed\test_chips\Apollo 11 landing site_chip_0109.tif,0.008524284698069096,False
data\processed\test_chips\Apollo 11 landing site_chip_0110.tif,0.012649048119783401,False
data\processed\test_chips\Apollo 11 landing site_chip_0111.tif,0.010976232588291168,False
data\processed\test_chips\Apollo 11 landing site_chip_0112.tif,0.010989455506205559,False
data\processed\test_chips\Apollo 11 landing site_chip_0113.tif,0.016038307920098305,False
data\processed\test_chips\Apollo 11 landing site_chip_0114.tif,0.012990489602088928,False
data\processed\test_chips\Apollo 11 landing site_chip_0115.tif,0.01865890994668007,False
data\processed\test_chips\Apollo 11 landing site_chip_0116.tif,0.01534541416913271,False
data\processed\test_chips\Apollo 11 landing site_chip_0117.tif,0.011061564087867737,False
data\processed\test_chips\Apollo 11 landing site_chip_0118.tif,0.01037710439413786,False
data\processed\test_chips\Apollo 11 landing site_chip_0119.tif,0.017555613070726395,False
data\processed\test_chips\Apollo 11 landing site_chip_0120.tif,0.010686539113521576,False
data\processed\test_chips\Apollo 11 landing site_chip_0121.tif,0.009017717093229294,False
data\processed\test_chips\Apollo 11 landing site_chip_0122.tif,0.013142239302396774,False
data\processed\test_chips\Apollo 11 landing site_chip_0123.tif,0.009742327965795994,False
data\processed\test_chips\Apollo 11 landing site_chip_0124.tif,0.007065960206091404,False
data\processed\test_chips\Apollo 11 landing site_chip_0125.tif,0.015930501744151115,False
data\processed\test_chips\Apollo 11 landing site_chip_0126.tif,0.011363137513399124,False
data\processed\test_chips\Apollo 11 landing site_chip_0127.tif,0.018482400104403496,False
data\processed\test_chips\Apollo 11 landing site_chip_0128.tif,0.01756194978952408,False
data\processed\test_chips\Apollo 11 landing site_chip_0129.tif,0.02357667125761509,True
data\processed\test_chips\Apollo 11 landing site_chip_0130.tif,0.016169283539056778,False
data\processed\test_chips\Apollo 11 landing site_chip_0131.tif,0.012006313540041447,False
data\processed\test_chips\Apollo 11 landing site_chip_0132.tif,0.00818630214780569,False
data\processed\test_chips\Apollo 11 landing site_chip_0133.tif,0.014243408106267452,False
data\processed\test_chips\Apollo 11 landing site_chip_0134.tif,0.01062849536538124,False
data\processed\test_chips\Apollo 11 landing site_chip_0135.tif,0.015495555475354195,False
data\processed\test_chips\Apollo 11 landing site_chip_0136.tif,0.018471384420990944,False
data\processed\test_chips\Apollo 11 landing site_chip_0137.tif,0.005842774175107479,False
data\processed\test_chips\Apollo 11 landing site_chip_0138.tif,0.020272299647331238,True
data\processed\test_chips\Apollo 11 landing site_chip_0139.tif,0.013857178390026093,False
data\processed\test_chips\Apollo 11 landing site_chip_0140.tif,0.01196106243878603,False
data\processed\test_chips\Apollo 11 landing site_chip_0141.tif,0.013788335025310516,False
data\processed\test_chips\Apollo 11 landing site_chip_0142.tif,0.004782003350555897,False
data\processed\test_chips\Apollo 11 landing site_chip_0143.tif,0.010062671266496181,False
data\processed\test_chips\Apollo 11 landing site_chip_0144.tif,0.016158338636159897,False
data\processed\test_chips\Apollo 11 landing site_chip_0145.tif,0.01982329972088337,True
data\processed\test_chips\Apollo 11 landing site_chip_0146.tif,0.02106618881225586,True
data\processed\test_chips\Apollo 11 landing site_chip_0147.tif,0.016271689906716347,False
data\processed\test_chips\Apollo 11 landing site_chip_0148.tif,0.01205668319016695,False
data\processed\test_chips\Apollo 11 landing site_chip_0149.tif,0.011682707816362381,False
data\processed\test_chips\Apollo 11 landing site_chip_0150.tif,0.010128003545105457,False
data\processed\test_chips\Apollo 11 landing site_chip_0151.tif,0.0214852225035429,True
